{
   "providers": [
      {
         "type": "bitmap",
         "file": "minecraft:font/compass_00.png",
         "ascent": 10,
         "height": 15,
         "chars": ["\u1100"]
      },
      {
         "type": "bitmap",
         "file": "minecraft:font/compass_01.png",
         "ascent": 10,
         "height": 15,
         "chars": ["\u1101"]
      },
      {
         "type": "bitmap",
         "file": "minecraft:font/compass_02.png",
         "ascent": 10,
         "height": 15,
         "chars": ["\u1102"]
      },
      {
         "type": "bitmap",
         "file": "minecraft:font/compass_03.png",
         "ascent": 10,
         "height": 15,
         "chars": ["\u1103"]
      },
      {
         "type": "bitmap",
         "file": "minecraft:font/compass_04.png",
         "ascent": 10,
         "height": 15,
         "chars": ["\u1104"]
      },
	  {
         "type": "bitmap",
         "file": "minecraft:font/compass_05.png",
         "ascent": 10,
         "height": 15,
         "chars": ["\u1105"]
      },
	  {
         "type": "bitmap",
         "file": "minecraft:font/compass_06.png",
         "ascent": 10,
         "height": 15,
         "chars": ["\u1106"]
      },
	  {
         "type": "bitmap",
         "file": "minecraft:font/compass_07.png",
         "ascent": 10,
         "height": 15,
         "chars": ["\u1107"]
      },
	  {
         "type": "bitmap",
         "file": "minecraft:font/compass_08.png",
         "ascent": 10,
         "height": 15,
         "chars": ["\u1108"]
      },
	  {
         "type": "bitmap",
         "file": "minecraft:font/compass_09.png",
         "ascent": 10,
         "height": 15,
         "chars": ["\u1109"]
      },
	  {
         "type": "bitmap",
         "file": "minecraft:font/compass_10.png",
         "ascent": 10,
         "height": 15,
         "chars": ["\u110a"]
      },
      {
         "type": "bitmap",
         "file": "minecraft:font/compass_11.png",
         "ascent": 10,
         "height": 15,
         "chars": ["\u110b"]
      },
      {
         "type": "bitmap",
         "file": "minecraft:font/compass_12.png",
         "ascent": 10,
         "height": 15,
         "chars": ["\u110c"]
      },
      {
         "type": "bitmap",
         "file": "minecraft:font/compass_13.png",
         "ascent": 10,
         "height": 15,
         "chars": ["\u110d"]
      },
      {
         "type": "bitmap",
         "file": "minecraft:font/compass_14.png",
         "ascent": 10,
         "height": 15,
         "chars": ["\u110e"]
      },
	  {
         "type": "bitmap",
         "file": "minecraft:font/compass_15.png",
         "ascent": 10,
         "height": 15,
         "chars": ["\u110f"]
      },
	  {
         "type": "bitmap",
         "file": "minecraft:font/compass_16.png",
         "ascent": 10,
         "height": 15,
         "chars": ["\u1110"]
      },
	  {
         "type": "bitmap",
         "file": "minecraft:font/compass_17.png",
         "ascent": 10,
         "height": 15,
         "chars": ["\u1111"]
      },
	  {
         "type": "bitmap",
         "file": "minecraft:font/compass_18.png",
         "ascent": 10,
         "height": 15,
         "chars": ["\u1112"]
      },
	  {
         "type": "bitmap",
         "file": "minecraft:font/compass_19.png",
         "ascent": 10,
         "height": 15,
         "chars": ["\u1113"]
      },
	  {
         "type": "bitmap",
         "file": "minecraft:font/compass_20.png",
         "ascent": 10,
         "height": 15,
         "chars": ["\u1114"]
      },
      {
         "type": "bitmap",
         "file": "minecraft:font/compass_21.png",
         "ascent": 10,
         "height": 15,
         "chars": ["\u1115"]
      },
      {
         "type": "bitmap",
         "file": "minecraft:font/compass_22.png",
         "ascent": 10,
         "height": 15,
         "chars": ["\u1116"]
      },
      {
         "type": "bitmap",
         "file": "minecraft:font/compass_23.png",
         "ascent": 10,
         "height": 15,
         "chars": ["\u1117"]
      },
      {
         "type": "bitmap",
         "file": "minecraft:font/compass_24.png",
         "ascent": 10,
         "height": 15,
         "chars": ["\u1118"]
      },
	  {
         "type": "bitmap",
         "file": "minecraft:font/compass_25.png",
         "ascent": 10,
         "height": 15,
         "chars": ["\u1119"]
      },
	  {
         "type": "bitmap",
         "file": "minecraft:font/compass_26.png",
         "ascent": 10,
         "height": 15,
         "chars": ["\u111a"]
      },
	  {
         "type": "bitmap",
         "file": "minecraft:font/compass_27.png",
         "ascent": 10,
         "height": 15,
         "chars": ["\u111b"]
      },
	  {
         "type": "bitmap",
         "file": "minecraft:font/compass_28.png",
         "ascent": 10,
         "height": 15,
         "chars": ["\u111c"]
      },
	  {
         "type": "bitmap",
         "file": "minecraft:font/compass_29.png",
         "ascent": 10,
         "height": 15,
         "chars": ["\u111d"]
      },
	  {
         "type": "bitmap",
         "file": "minecraft:font/compass_30.png",
         "ascent": 10,
         "height": 15,
         "chars": ["\u111e"]
      },
      {
         "type": "bitmap",
         "file": "minecraft:font/compass_31.png",
         "ascent": 10,
         "height": 15,
         "chars": ["\u111f"]
      },
      {
         "type": "bitmap",
         "file": "minecraft:font/compass_32.png",
         "ascent": 10,
         "height": 15,
         "chars": ["\u1120"]
      },
      {
         "type": "bitmap",
         "file": "minecraft:font/compass_33.png",
         "ascent": 10,
         "height": 15,
         "chars": ["\u1121"]
      },
      {
         "type": "bitmap",
         "file": "minecraft:font/compass_34.png",
         "ascent": 10,
         "height": 15,
         "chars": ["\u1122"]
      },
	  {
         "type": "bitmap",
         "file": "minecraft:font/compass_35.png",
         "ascent": 10,
         "height": 15,
         "chars": ["\u1123"]
      },
	  {
         "type": "bitmap",
         "file": "minecraft:font/compass_stop.png",
         "ascent": 10,
         "height": 15,
         "chars": ["\u1124"]
      },
	  {
         "type": "bitmap",
         "file": "minecraft:font/up.png",
         "ascent": 8,
         "height": 8,
         "chars": ["\u1125"]
      },
	  {
         "type": "bitmap",
         "file": "minecraft:font/down.png",
         "ascent": 8,
         "height": 8,
         "chars": ["\u1126"]
      }
   ]
}